firstname,lastname,email,birthdate
James,Howlett,3finqatiodrg,1976-0w
Mason,ut_necessitatibus_facilis@Livetube.mil,1979-02-19T00:00:00Z,
Kelly;George;7Jordan@Jaloo.name;1970-09-17T00:00:00Z,,,
Harry,,,1970-03-02T00:00:00Z
Cynthia,Reynolds,repellendus_dolor@Browsezoom.net,0
Teresa,Fuller,ShirleyBarnes@Skynoodle.info,1994-04-06T00:00:00Z
	steeve  ,		Rogers  ,captain@Viva.biz,1982-03-06T00:00:00Z
Margaret,Cruz,JuanOwens@B@rainverse.info,1986-09-29T00:00:00Z
Teresa,Puller,ShirleyBarnes@Skynoodle.info,1994-04-06T00:00:00Z
Jeremy,Roberts,ChrisAdams@Divanoodle.mil,1989-04-14T00:00:00Z
